{
    "sources": [
        {
            "DOI": "10.1038/s41562-021-01269-4",
            "ISSN": "2397-3374",
            "URL": "https://www.nature.com/articles/s41562-021-01269-4",
            "author": [
                {
                    "family": "Parsons",
                    "given": "Sam"
                },
                {
                    "family": "Azevedo",
                    "given": "Flávio"
                },
                {
                    "family": "Elsherif",
                    "given": "Mahmoud M."
                },
                {
                    "family": "Guay",
                    "given": "Samuel"
                },
                {
                    "family": "Shahim",
                    "given": "Owen N."
                },
                {
                    "family": "Govaart",
                    "given": "Gisela H."
                },
                {
                    "family": "Norris",
                    "given": "Emma"
                },
                {
                    "family": "O’Mahony",
                    "given": "Aoife"
                },
                {
                    "family": "Parker",
                    "given": "Adam J."
                },
                {
                    "family": "Todorovic",
                    "given": "Ana"
                },
                {
                    "dropping-particle": "et",
                    "family": "al."
                }
            ],
            "container-title": "Nature Human Behaviour",
            "id": "parsonsCommunitysourcedGlossaryOpen2022",
            "issue": "3",
            "issued": {
                "date-parts": [
                    [
                        2022,
                        3
                    ]
                ]
            },
            "page": "312-318",
            "publisher": "Nature",
            "title": "A community-sourced glossary of open scholarship terms",
            "type": "article-journal",
            "volume": "6"
        },
        {
            "URL": "https://en.wikipedia.org/w/index.php?title=LibreOffice&oldid=1218520104",
            "container-title": "Wikipedia",
            "id": "LibreOffice2024",
            "issued": {
                "date-parts": [
                    [
                        2024,
                        4
                    ]
                ]
            },
            "note": "Page Version ID: 1218520104",
            "title": "LibreOffice",
            "type": ""
        },
        {
            "URL": "https://CRAN.R-project.org/package=janeaustenr",
            "author": [
                {
                    "family": "Silge",
                    "given": "Julia"
                }
            ],
            "id": "silgeJaneaustenrJaneAusten2022",
            "issued": {
                "date-parts": [
                    [
                        2022
                    ]
                ]
            },
            "title": "Janeaustenr: Jane Austen’s complete novels",
            "title-short": "Janeaustenr",
            "type": "book"
        },
        {
            "URL": "https://www.R-project.org/",
            "author": [
                {
                    "family": "R Core Team"
                }
            ],
            "id": "rcoreteamLanguageEnvironmentStatistical2024",
            "issued": {
                "date-parts": [
                    [
                        2024
                    ]
                ]
            },
            "note": "tex.organization: R Foundation for Statistical Computing",
            "publisher": "R Foundation for Statistical Computing",
            "title": "R: A language and environment for statistical computing",
            "title-short": "R",
            "type": "book"
        },
        {
            "DOI": "10.4324/9781315165547",
            "ISBN": "978-1-315-16554-7",
            "author": [
                {
                    "family": "Winter",
                    "given": "Bodo"
                }
            ],
            "id": "WinterStatisticsLinguistsIntroduction2019",
            "issued": {
                "date-parts": [
                    [
                        2019,
                        10
                    ]
                ]
            },
            "publisher": "Routledge",
            "title": "Statistics for linguists: An introduction using R",
            "title-short": "Statistics for linguists",
            "type": "book"
        },
        {
            "DOI": "10.1111/lang.12293",
            "ISSN": "1467-9922",
            "URL": "https://onlinelibrary.wiley.com/doi/abs/10.1111/lang.12293",
            "author": [
                {
                    "family": "Schimke",
                    "given": "Sarah"
                },
                {
                    "dropping-particle": "de la",
                    "family": "Fuente",
                    "given": "Israel"
                },
                {
                    "family": "Hemforth",
                    "given": "Barbara"
                },
                {
                    "family": "Colonna",
                    "given": "Saveria"
                }
            ],
            "container-title": "Language Learning",
            "id": "schimkeFirstLanguageInfluence2018",
            "issue": "3",
            "issued": {
                "date-parts": [
                    [
                        2018
                    ]
                ]
            },
            "note": "_eprint: https://onlinelibrary.wiley.com/doi/pdf/10.1111/lang.12293",
            "page": "744-779",
            "title": "First language influence on second language offline and online ambiguous pronoun resolution",
            "type": "article-journal",
            "volume": "68"
        },
        {
            "URL": "https://intro2r.com/",
            "author": [
                {
                    "family": "Douglas",
                    "given": "Alex"
                },
                {
                    "family": "Roos",
                    "given": "Deon"
                },
                {
                    "family": "Mancini",
                    "given": "Francesca"
                },
                {
                    "family": "Lusseau",
                    "given": "David"
                }
            ],
            "id": "douglasIntroduction2024",
            "issued": {
                "date-parts": [
                    [
                        2024
                    ]
                ]
            },
            "title": "An introduction to R",
            "type": "book"
        },
        {
            "DOI": "10.1186/s13059-016-1044-7",
            "ISSN": "1474-760X",
            "URL": "https://doi.org/10.1186/s13059-016-1044-7",
            "author": [
                {
                    "family": "Ziemann",
                    "given": "Mark"
                },
                {
                    "family": "Eren",
                    "given": "Yotam"
                },
                {
                    "family": "El-Osta",
                    "given": "Assam"
                }
            ],
            "container-title": "Genome Biology",
            "id": "ziemannGeneNameErrors2016",
            "issue": "1",
            "issued": {
                "date-parts": [
                    [
                        2016,
                        8
                    ]
                ]
            },
            "page": "177",
            "title": "Gene name errors are widespread in the scientific literature",
            "type": "article-journal",
            "volume": "17"
        },
        {
            "DOI": "10.1371/journal.pcbi.1008984",
            "ISSN": "1553-7358",
            "URL": "https://journals.plos.org/ploscompbiol/article?id=10.1371/journal.pcbi.1008984",
            "author": [
                {
                    "family": "Abeysooriya",
                    "given": "Mandhri"
                },
                {
                    "family": "Soria",
                    "given": "Megan"
                },
                {
                    "family": "Kasu",
                    "given": "Mary Sravya"
                },
                {
                    "family": "Ziemann",
                    "given": "Mark"
                }
            ],
            "container-title": "PLOS Computational Biology",
            "id": "abeysooriyaGeneNameErrors2021",
            "issue": "7",
            "issued": {
                "date-parts": [
                    [
                        2021,
                        7
                    ]
                ]
            },
            "page": "e1008984",
            "publisher": "Public",
            "title": "Gene name errors: Lessons not learned",
            "title-short": "Gene name errors",
            "type": "article-journal",
            "volume": "17"
        },
        {
            "URL": "https://ladal.edu.au/repro.html",
            "author": [
                {
                    "family": "Schweinberger",
                    "given": "Martin"
                }
            ],
            "id": "schweinbergerDataManagementVersion2022",
            "issued": {
                "date-parts": [
                    [
                        2022,
                        10
                    ]
                ]
            },
            "title": "Data management, version control, and reproducibility",
            "type": ""
        },
        {
            "URL": "https://bookdown.org/daniel_dauber_io/r4np_book/",
            "author": [
                {
                    "family": "Dauber",
                    "given": "Daniel"
                }
            ],
            "id": "dauberNonProgrammersGuideSocial",
            "title": "R for non-programmers: A guide for social scientists",
            "title-short": "R for non-programmers",
            "type": "book"
        },
        {
            "DOI": "10.1007/978-3-030-46216-1_9",
            "ISBN": "978-3-030-46216-1",
            "URL": "https://doi.org/10.1007/978-3-030-46216-1_9",
            "author": [
                {
                    "family": "Anthony",
                    "given": "Laurence"
                }
            ],
            "container-title": "A practical handbook of corpus linguistics",
            "editor": [
                {
                    "family": "Paquot",
                    "given": "Magali"
                },
                {
                    "family": "Gries",
                    "given": "Stefan Th."
                }
            ],
            "id": "AnthonyProgrammingCorpusLinguistics2020",
            "issued": {
                "date-parts": [
                    [
                        2020
                    ]
                ]
            },
            "page": "181-207",
            "publisher": "Springer International Publishing",
            "title": "Programming for corpus linguistics",
            "type": "chapter"
        },
        {
            "URL": "https://bookdown.org/daniel_dauber_io/r4np_book/",
            "author": [
                {
                    "family": "Dauber",
                    "given": "Daniel"
                }
            ],
            "id": "dauberNonProgrammersGuideSocial2024",
            "issued": {
                "date-parts": [
                    [
                        2024
                    ]
                ]
            },
            "publisher": "Open Education Resource",
            "title": "R for non-programmers: A guide for social scientists",
            "title-short": "R for non-programmers",
            "type": "book"
        },
        {
            "URL": "https://doi.org/10.48693/278",
            "author": [
                {
                    "family": "Le Foll",
                    "given": "Elen"
                }
            ],
            "genre": "PhD thesis",
            "id": "LeFollTextbookEnglishCorpusBased2022",
            "issued": {
                "date-parts": [
                    [
                        2022,
                        3
                    ]
                ]
            },
            "publisher": "Osnabrück University",
            "title": "Textbook English: A corpus-based analysis of the language of EFL textbooks used in secondary schools in France, Germany and Spain",
            "title-short": "Textbook English",
            "type": "thesis"
        },
        {
            "DOI": "10.1038/s41598-020-60661-8",
            "ISSN": "2045-2322",
            "URL": "https://www.nature.com/articles/s41598-020-60661-8",
            "author": [
                {
                    "family": "Prat",
                    "given": "Chantel S."
                },
                {
                    "family": "Madhyastha",
                    "given": "Tara M."
                },
                {
                    "family": "Mottarella",
                    "given": "Malayka J."
                },
                {
                    "family": "Kuo",
                    "given": "Chu-Hsuan"
                }
            ],
            "container-title": "Scientific Reports",
            "id": "pratRelatingNaturalLanguage2020",
            "issue": "1",
            "issued": {
                "date-parts": [
                    [
                        2020,
                        3
                    ]
                ]
            },
            "page": "3817",
            "publisher": "Nature",
            "title": "Relating natural language aptitude to individual differences in learning programming languages",
            "type": "article-journal",
            "volume": "10"
        },
        {
            "DOI": "10.1111/lang.12323",
            "ISSN": "1467-9922",
            "URL": "https://onlinelibrary.wiley.com/doi/abs/10.1111/lang.12323",
            "author": [
                {
                    "family": "Dąbrowska",
                    "given": "Ewa"
                }
            ],
            "container-title": "Language Learning",
            "id": "DabrowskaExperienceAptitudeIndividual2019",
            "issue": "S1",
            "issued": {
                "date-parts": [
                    [
                        2019
                    ]
                ]
            },
            "note": "_eprint: https://onlinelibrary.wiley.com/doi/pdf/10.1111/lang.12323",
            "page": "72-100",
            "title": "Experience, aptitude, and individual differences in linguistic attainment: A comparison of native and nonnative speakers",
            "title-short": "Experience, aptitude, and individual differences in linguistic attainment",
            "type": "article-journal",
            "volume": "69"
        },
        {
            "URL": "https://happygitwithr.com/",
            "author": [
                {
                    "family": "Bryan",
                    "given": "Jennifer"
                }
            ],
            "id": "bryanLetGitStarted",
            "publisher": "Open Education Resource",
            "title": "Let’s git started | happy git and GitHub for the useR",
            "type": "book"
        },
        {
            "DOI": "10.1075/lab.22058.bus",
            "ISSN": "1879-9264, 1879-9272",
            "URL": "https://www.jbe-platform.com/content/journals/10.1075/lab.22058.bus",
            "author": [
                {
                    "family": "Busterud",
                    "given": "Guro"
                },
                {
                    "family": "Dahl",
                    "given": "Anne"
                },
                {
                    "family": "Kush",
                    "given": "Dave"
                },
                {
                    "family": "Listhaug",
                    "given": "Kjersti Faldet"
                }
            ],
            "container-title": "Linguistic Approaches to Bilingualism",
            "id": "busterudVerbPlacementL32023",
            "issue": "5",
            "issued": {
                "date-parts": [
                    [
                        2023,
                        11
                    ]
                ]
            },
            "page": "693-716",
            "publisher": "John",
            "title": "Verb placement in L3 french and L3 german: The role of language-internal factors in determining cross-linguistic influence from prior languages",
            "title-short": "Verb placement in L3 french and L3 german",
            "type": "article-journal",
            "volume": "13"
        },
        {
            "DOI": "10.1075/lab.22058.bus",
            "ISSN": "1879-9264, 1879-9272",
            "URL": "https://www.jbe-platform.com/content/journals/10.1075/lab.22058.bus",
            "author": [
                {
                    "family": "Busterud",
                    "given": "Guro"
                },
                {
                    "family": "Dahl",
                    "given": "Anne"
                },
                {
                    "family": "Kush",
                    "given": "Dave"
                },
                {
                    "family": "Listhaug",
                    "given": "Kjersti Faldet"
                }
            ],
            "container-title": "Linguistic Approaches to Bilingualism",
            "id": "busterudVerbPlacementL32023",
            "issue": "5",
            "issued": {
                "date-parts": [
                    [
                        2023,
                        11
                    ]
                ]
            },
            "page": "693-716",
            "publisher": "John",
            "title": "Verb placement in L3 french and L3 german: The role of language-internal factors in determining cross-linguistic influence from prior languages",
            "title-short": "Verb placement in L3 french and L3 german",
            "type": "article-journal",
            "volume": "13"
        },
        {
            "DOI": "10.18710/JBMAPT",
            "author": [
                {
                    "family": "Busterud",
                    "given": "Guro"
                },
                {
                    "family": "Dahl",
                    "given": "Anne"
                },
                {
                    "family": "Kush",
                    "given": "Dave"
                },
                {
                    "family": "Listhaug",
                    "given": "Kjersti Faldet"
                }
            ],
            "id": "busterudReplicationDataVerb2023",
            "language": "en",
            "title": "Replication data for Verb placement in L3 French and L3 German: The role of language-internal factors in determining cross-linguistic influence form prior languages",
            "title-short": "Replication data for Verb placement in L3 French and L3 German",
            "type": ""
        },
        {
            "URL": "https://www.tidyverse.org/blog/2017/12/workflow-vs-script/",
            "author": [
                {
                    "family": "Bryan",
                    "given": "Jenny"
                }
            ],
            "container-title": "Tidyverse.org",
            "id": "bryanProjectorientedWorkflow2017",
            "issued": {
                "date-parts": [
                    [
                        2017,
                        12
                    ]
                ]
            },
            "title": "Project-oriented workflow",
            "type": ""
        },
        {
            "URL": "https://malco.io/articles/2018-11-05-why-should-i-use-the-here-package-when-i-m-already-using-projects",
            "id": "WhyShouldUse",
            "title": "Why should i use the here package when i’m already using projects? - malcolm barrett",
            "type": ""
        },
        {
            "URL": "https://malco.io/articles/2018-11-05-why-should-i-use-the-here-package-when-i-m-already-using-projects",
            "author": [
                {
                    "family": "Barrett",
                    "given": "Malcolm"
                }
            ],
            "id": "barrettWhyShouldUse2018",
            "issued": {
                "date-parts": [
                    [
                        2018,
                        11
                    ]
                ]
            },
            "title": "Why should i use the here package when i’m already using projects? - malcolm barrett",
            "type": ""
        },
        {
            "DOI": "10.3758/BRM.41.3.841",
            "ISSN": "1554-3528",
            "URL": "https://doi.org/10.3758/BRM.41.3.841",
            "author": [
                {
                    "family": "Lausberg",
                    "given": "Hedda"
                },
                {
                    "family": "Sloetjes",
                    "given": "Han"
                }
            ],
            "container-title": "Behavior Research Methods",
            "id": "lausbergCodingGesturalBehavior2009",
            "issue": "3",
            "issued": {
                "date-parts": [
                    [
                        2009,
                        8
                    ]
                ]
            },
            "page": "841-849",
            "title": "Coding gestural behavior with the NEUROGES-ELAN system",
            "type": "article-journal",
            "volume": "41"
        },
        {
            "DOI": "10.3758/BRM.41.3.841",
            "ISSN": "1554-3528",
            "URL": "https://doi.org/10.3758/BRM.41.3.841",
            "author": [
                {
                    "family": "Lausberg",
                    "given": "Hedda"
                },
                {
                    "family": "Sloetjes",
                    "given": "Han"
                }
            ],
            "container-title": "Behavior Research Methods",
            "id": "lausbergCodingGesturalBehavior2009",
            "issue": "3",
            "issued": {
                "date-parts": [
                    [
                        2009,
                        8
                    ]
                ]
            },
            "page": "841-849",
            "title": "Coding gestural behavior with the NEUROGES-ELAN system",
            "type": "article-journal",
            "volume": "41"
        },
        {
            "DOI": "10.3758/BRM.41.3.841",
            "ISSN": "1554-3528",
            "URL": "https://doi.org/10.3758/BRM.41.3.841",
            "author": [
                {
                    "family": "Lausberg",
                    "given": "Hedda"
                },
                {
                    "family": "Sloetjes",
                    "given": "Han"
                }
            ],
            "container-title": "Behavior Research Methods",
            "id": "lausbergCodingGesturalBehavior2009",
            "issue": "3",
            "issued": {
                "date-parts": [
                    [
                        2009,
                        8
                    ]
                ]
            },
            "page": "841-849",
            "title": "Coding gestural behavior with the NEUROGES-ELAN system",
            "type": "article-journal",
            "volume": "41"
        },
        {
            "URL": "https://happygitwithr.com/",
            "author": [
                {
                    "family": "Bryan",
                    "given": "Jennifer"
                }
            ],
            "id": "bryanLetGitStarted2018",
            "issued": {
                "date-parts": [
                    [
                        2018
                    ]
                ]
            },
            "publisher": "Open Education Resource",
            "title": "Let’s git started | happy git and GitHub for the useR",
            "type": "book"
        },
        {
            "URL": "https://happygitwithr.com/",
            "author": [
                {
                    "family": "Bryan",
                    "given": "Jennifer"
                }
            ],
            "id": "bryanLetGitStarted2018",
            "issued": {
                "date-parts": [
                    [
                        2018
                    ]
                ]
            },
            "publisher": "Open Education Resource",
            "title": "Let’s git started | happy git and GitHub for the useR",
            "type": "book"
        },
        {
            "URL": "https://iris-database.org/",
            "author": [
                {
                    "family": "iris-database.org"
                }
            ],
            "id": "IRIS2011",
            "issued": {
                "date-parts": [
                    [
                        2011
                    ]
                ]
            },
            "title": "IRIS",
            "type": ""
        },
        {
            "URL": "https://iris-database.org/",
            "id": "IRIS2011",
            "issued": {
                "date-parts": [
                    [
                        2011
                    ]
                ]
            },
            "title": "IRIS",
            "type": ""
        },
        {
            "URL": "https://learn.microsoft.com/en-us/windows/win32/fileio/maximum-file-path-limitation",
            "author": [
                {
                    "family": "alvinashcraft"
                },
                {
                    "family": "alexbuckgit"
                },
                {
                    "family": "ArcticLampyrid"
                },
                {
                    "family": "bearmannl"
                }
            ],
            "container-title": "Learn Microsoft",
            "id": "alvinashcraftMaximumPathLength2022",
            "issued": {
                "date-parts": [
                    [
                        2022,
                        7
                    ]
                ]
            },
            "title": "Maximum path length limitation",
            "type": ""
        },
        {
            "URL": "https://learn.microsoft.com/en-us/windows/win32/fileio/maximum-file-path-limitation",
            "author": [
                {
                    "family": "alvinashcraft"
                },
                {
                    "family": "alexbuckgit"
                },
                {
                    "family": "ArcticLampyrid"
                },
                {
                    "family": "bearmannl"
                }
            ],
            "container-title": "Learn Microsoft",
            "id": "alvinashcraftMaximumPathLength2022",
            "issued": {
                "date-parts": [
                    [
                        2022,
                        7
                    ]
                ]
            },
            "title": "Maximum path length limitation",
            "type": ""
        },
        {
            "DOI": "10.5281/zenodo.3233853",
            "URL": "https://book.the-turing-way.org/reproducible-research/open/open-access.html",
            "author": [
                {
                    "family": "The Turing Way Community"
                }
            ],
            "id": "theturingwaycommunityTuringWayHandbook2022",
            "issued": {
                "date-parts": [
                    [
                        2022
                    ]
                ]
            },
            "publisher": "Zenodo",
            "title": "The turing way: A handbook for reproducible, ethical and collaborative research (1.0.2)",
            "title-short": "The turing way",
            "type": "article-journal"
        },
        {
            "DOI": "10.7551/mitpress/12200.001.0001",
            "URL": "https://direct.mit.edu/books/book/5244/The-Open-Handbook-of-Linguistic-Data-Management",
            "author": [
                {
                    "family": "Berez-Kroeker",
                    "given": "Andrea L."
                },
                {
                    "family": "McDonnell",
                    "given": "Bradley"
                },
                {
                    "family": "Koller",
                    "given": "Eve"
                },
                {
                    "family": "Collister",
                    "given": "Lauren B."
                }
            ],
            "id": "berez-kroekerOpenHandbookLinguistic2022",
            "issued": {
                "date-parts": [
                    [
                        2022,
                        1
                    ]
                ]
            },
            "publisher": "MIT Press",
            "title": "The open handbook of linguistic data management",
            "type": "book"
        },
        {
            "URL": "https://towardsdatascience.com/a-visual-interpretation-of-the-standard-deviation-30f4676c291c",
            "author": [
                {
                    "family": "Alhazmi",
                    "given": "Fahd"
                }
            ],
            "container-title": "Medium",
            "id": "alhazmiVisualInterpretationStandard2020",
            "issued": {
                "date-parts": [
                    [
                        2020,
                        1
                    ]
                ]
            },
            "title": "A visual interpretation of the standard deviation",
            "type": ""
        },
        {
            "DOI": "10.1017/9781316410899",
            "ISBN": "978-1-316-41089-9 978-1-107-12570-4 978-1-107-56524-1",
            "author": [
                {
                    "family": "Brezina",
                    "given": "Vaclav"
                }
            ],
            "id": "BrezinaStatisticsCorpusLinguistics2018",
            "issued": {
                "date-parts": [
                    [
                        2018,
                        9
                    ]
                ]
            },
            "publisher": "Cambridge University Press",
            "title": "Statistics in corpus linguistics: A practical guide",
            "title-short": "Statistics in corpus linguistics",
            "type": "book"
        },
        {
            "URL": "https://openscapes.org/blog/2020-10-12-tidy-data/",
            "author": [
                {
                    "family": "Horst",
                    "given": "Allison"
                },
                {
                    "family": "Lowndes",
                    "given": "Julie"
                }
            ],
            "id": "horstOpenscapesTidyData2020",
            "issued": {
                "date-parts": [
                    [
                        2020,
                        10
                    ]
                ]
            },
            "title": "Openscapes - tidy data for efficiency, reproducibility, and collaboration",
            "type": ""
        },
        {
            "URL": "https://tidyr.tidyverse.org/",
            "author": [
                {
                    "family": "Wickham",
                    "given": "Hadley"
                },
                {
                    "family": "Vaughan",
                    "given": "Davis"
                },
                {
                    "family": "Girlich",
                    "given": "Maximilian"
                }
            ],
            "id": "TidyMessyData",
            "title": "Tidy messy data",
            "type": ""
        },
        {
            "DOI": "10.1007/0-387-28695-0",
            "URL": "http://link.springer.com/10.1007/0-387-28695-0",
            "author": [
                {
                    "family": "Wilkinson",
                    "given": "Leland"
                }
            ],
            "collection-title": "Statistics and Computing",
            "id": "wilkinsonGrammarGraphics2005",
            "issued": {
                "date-parts": [
                    [
                        2005
                    ]
                ]
            },
            "language": "en",
            "note": "DOI: 10.1007/0-387-28695-0",
            "publisher": "Springer",
            "publisher-place": "New York",
            "title": "The Grammar of Graphics",
            "type": "book"
        },
        {
            "URL": "https://ggplot2.tidyverse.org",
            "author": [
                {
                    "family": "Wickham",
                    "given": "Hadley"
                }
            ],
            "id": "Wickhamggplot2Elegantgraphics2016",
            "issued": {
                "date-parts": [
                    [
                        2016
                    ]
                ]
            },
            "publisher": "Springer",
            "publisher-place": "New York",
            "title": "ggplot2: Elegant graphics for data analysis",
            "title-short": "ggplot2",
            "type": "book"
        },
        {
            "DOI": "10.5281/ZENODO.4679423",
            "URL": "https://zenodo.org/record/4679423",
            "author": [
                {
                    "family": "Garnier",
                    "given": "Simon"
                },
                {
                    "family": "Ross",
                    "given": "Noam"
                },
                {
                    "family": "Rudis",
                    "given": "BoB"
                },
                {
                    "family": "Filipovic-Pierucci",
                    "given": "Antoine"
                },
                {
                    "family": "Galili",
                    "given": "Tal"
                },
                {
                    "family": "Timelyportfolio"
                },
                {
                    "family": "O’Callaghan",
                    "given": "Alan"
                },
                {
                    "family": "Greenwell",
                    "given": "Brandon"
                },
                {
                    "family": "Sievert",
                    "given": "Carson"
                },
                {
                    "family": "Harris",
                    "given": "David J."
                },
                {
                    "dropping-particle": "et",
                    "family": "al."
                }
            ],
            "id": "garnierSjmgarnierViridisCRAN2023",
            "issued": {
                "date-parts": [
                    [
                        2023,
                        5
                    ]
                ]
            },
            "publisher": "Zenodo",
            "title": "Sjmgarnier/viridis: CRAN release v0.6.3",
            "title-short": "Sjmgarnier/viridis",
            "type": "book"
        },
        {
            "URL": "https://CRAN.R-project.org/package=colorBlindness",
            "author": [
                {
                    "family": "Ou",
                    "given": "Jianhong"
                }
            ],
            "id": "ouColorBlindnessSafeColor2021",
            "issued": {
                "date-parts": [
                    [
                        2021
                    ]
                ]
            },
            "title": "colorBlindness: Safe color set for color blindness",
            "title-short": "colorBlindness",
            "type": "book"
        },
        {
            "URL": "https://github.com/EmilHvitfeldt/paletteer",
            "author": [
                {
                    "family": "Hvitfeldt",
                    "given": "Emil"
                }
            ],
            "id": "hvitfeldtPaletteerComprehensiveCollection2021",
            "issued": {
                "date-parts": [
                    [
                        2021
                    ]
                ]
            },
            "title": "Paletteer: Comprehensive collection of color palettes",
            "title-short": "Paletteer",
            "type": "book"
        },
        {
            "DOI": "10.1515/9783111248141-009",
            "ISBN": "978-3-11-124814-1",
            "URL": "https://www.degruyter.com/document/doi/10.1515/9783111248141-009/html",
            "author": [
                {
                    "family": "Van Hulle",
                    "given": "Sven"
                },
                {
                    "family": "Enghels",
                    "given": "Renata"
                }
            ],
            "container-title": "Romance motion verbs in language change",
            "editor": [
                {
                    "family": "Pfadenhauer",
                    "given": "Katrin"
                },
                {
                    "family": "Wiesinger",
                    "given": "Evelyn"
                }
            ],
            "id": "vanhulleCategoryThrowVerbs2024",
            "issued": {
                "date-parts": [
                    [
                        2024
                    ]
                ]
            },
            "page": "213-240",
            "publisher": "De Gruyter",
            "title": "The category of throw verbs as productive source of the spanish inchoative construction",
            "type": "chapter"
        },
        {
            "DOI": "10.18710/TR2PWJ",
            "URL": "https://dataverse.no/dataset.xhtml?persistentId=doi:10.18710/TR2PWJ",
            "author": [
                {
                    "family": "Van Hulle",
                    "given": "Sven"
                },
                {
                    "family": "Enghels",
                    "given": "Renata"
                }
            ],
            "id": "vanhulleReplicationDataCategory2024",
            "issued": {
                "date-parts": [
                    [
                        2024
                    ]
                ]
            },
            "title": "TROLLing replication data for: “The category of throw verbs as productive source of the spanish inchoative construction. DataverseNO, V1.”",
            "title-short": "TROLLing replication data for",
            "type": ""
        },
        {
            "DOI": "10.1037/15969-006",
            "ISBN": "978-3-11-034130-0 978-3-11-034142-3",
            "URL": "https://content.apa.org/books/15969-006",
            "author": [
                {
                    "family": "Stefanowitsch",
                    "given": "Anatol"
                },
                {
                    "family": "Flach",
                    "given": "Susanne"
                }
            ],
            "container-title": "Entrenchment and the psychology of language learning: How we reorganize and adapt linguistic knowledge",
            "editor": [
                {
                    "family": "Schmid",
                    "given": "Hans-Jörg"
                }
            ],
            "id": "stefanowitschCorpusbasedPerspectiveEntrenchment2017",
            "issued": {
                "date-parts": [
                    [
                        2017
                    ]
                ]
            },
            "page": "101-127",
            "publisher": "De Gruyter",
            "title": "The corpus-based perspective on entrenchment",
            "type": "chapter"
        },
        {
            "DOI": "10.1017/langcog.2024.12",
            "author": [
                {
                    "family": "Fricke",
                    "given": "Lea"
                },
                {
                    "family": "Grosz",
                    "given": "Patrick G"
                },
                {
                    "family": "Scheffler",
                    "given": "Tatjana"
                }
            ],
            "container-title": "Language and Cognition",
            "id": "fricke2024semantic",
            "issued": {
                "date-parts": [
                    [
                        2024
                    ]
                ]
            },
            "page": "1-15",
            "publisher": "Cambridge University Press",
            "title": "Semantic differences in visually similar face emojis",
            "type": "article-journal"
        },
        {
            "DOI": "10.3389/fpsyg.2021.605928",
            "author": [
                {
                    "family": "Fugate",
                    "given": "Jennifer MB"
                },
                {
                    "family": "Franco",
                    "given": "Courtny L"
                }
            ],
            "container-title": "Frontiers in Psychology",
            "id": "fugate2021implications",
            "issued": {
                "date-parts": [
                    [
                        2021
                    ]
                ]
            },
            "page": "605928",
            "publisher": "Frontiers Media SA",
            "title": "Implications for emotion: Using anatomically based facial coding to compare emoji faces across platforms",
            "title-short": "Implications for emotion",
            "type": "article-journal",
            "volume": "12"
        },
        {
            "DOI": "10.3998/ergo.4641",
            "author": [
                {
                    "family": "Maier",
                    "given": "Emar"
                }
            ],
            "container-title": "Ergo",
            "id": "maier2023emojis",
            "issued": {
                "date-parts": [
                    [
                        2023
                    ]
                ]
            },
            "title": "Emojis as pictures",
            "type": "article-journal",
            "volume": "10"
        },
        {
            "DOI": "10.1007/s10988-022-09369-8",
            "author": [
                {
                    "family": "Grosz",
                    "given": "Patrick Georg"
                },
                {
                    "family": "Greenberg",
                    "given": "Gabriel"
                },
                {
                    "family": "De Leon",
                    "given": "Christian"
                },
                {
                    "family": "Kaiser",
                    "given": "Elsi"
                }
            ],
            "container-title": "Linguistics and Philosophy",
            "id": "grosz2023semantics",
            "issue": "4",
            "issued": {
                "date-parts": [
                    [
                        2023
                    ]
                ]
            },
            "page": "905-957",
            "publisher": "Springer",
            "title": "A semantics of face emoji in discourse",
            "type": "article-journal",
            "volume": "46"
        },
        {
            "author": [
                {
                    "family": "Ekman",
                    "given": "Paul"
                },
                {
                    "family": "Friesen",
                    "given": "Wallace V"
                }
            ],
            "container-title": "Environmental Psychology & Nonverbal Behavior",
            "id": "ekman1978facial",
            "issued": {
                "date-parts": [
                    [
                        1978
                    ]
                ]
            },
            "title": "Facial action coding system",
            "type": "article-journal"
        },
        {
            "URL": "https://patchwork.data-imaginist.com",
            "author": [
                {
                    "family": "Pedersen",
                    "given": "Thomas Lin"
                }
            ],
            "id": "pedersen2024patchwork",
            "issued": {
                "date-parts": [
                    [
                        2024
                    ]
                ]
            },
            "note": "R package version 1.2.0.9000, https://github.com/thomasp85/patchwork",
            "title": "Patchwork: The composer of plots",
            "title-short": "Patchwork",
            "type": "book"
        },
        {
            "URL": "https://github.com/hadley/emo",
            "author": [
                {
                    "family": "Wickham",
                    "given": "Hadley"
                },
                {
                    "family": "François",
                    "given": "Romain"
                },
                {
                    "family": "D’Agostino McGowan",
                    "given": "Lucy"
                }
            ],
            "id": "wickham2024emoji",
            "issued": {
                "date-parts": [
                    [
                        2024
                    ]
                ]
            },
            "note": "R package version 0.0.0.9000, commit 3f03b11491ce3d6fc5601e210927eff73bf8e350",
            "title": "Emo: Easily insert ’emoji’",
            "title-short": "Emo",
            "type": "book"
        },
        {
            "URL": "https://ragg.r-lib.org",
            "author": [
                {
                    "family": "Pedersen",
                    "given": "Thomas Lin"
                },
                {
                    "family": "Shemanarev",
                    "given": "Maxim"
                }
            ],
            "id": "pedersen2024ragg",
            "issued": {
                "date-parts": [
                    [
                        2024
                    ]
                ]
            },
            "note": "R package version 1.3.2, https://github.com/r-lib/ragg",
            "title": "Ragg: Graphic devices based on AGG",
            "title-short": "Ragg",
            "type": "book"
        },
        {
            "URL": "https://cran.r-project.org/web/packages/RColorBrewer/RColorBrewer.pdf",
            "author": [
                {
                    "family": "Neuwirth",
                    "given": "Erich"
                }
            ],
            "container-title": "ColorBrewer palettes",
            "id": "neuwirth2022package",
            "issued": {
                "date-parts": [
                    [
                        2022
                    ]
                ]
            },
            "title": "Package “RColorBrewer”",
            "type": "article-journal",
            "volume": "991"
        },
        {
            "DOI": "10.3758/s13428-024-02444-x",
            "author": [
                {
                    "family": "Scheffler",
                    "given": "Tatjana"
                },
                {
                    "family": "Nenchev",
                    "given": "Ivan"
                }
            ],
            "container-title": "Behavior Research Methods",
            "id": "scheffler2024affective",
            "issued": {
                "date-parts": [
                    [
                        2024
                    ]
                ]
            },
            "page": "1-22",
            "publisher": "Springer",
            "title": "Affective, semantic, frequency, and descriptive norms for 107 face emojis",
            "type": "article-journal"
        },
        {
            "DOI": "10.1016/j.chb.2021.107016",
            "author": [
                {
                    "family": "Pfeifer",
                    "given": "Valeria A"
                },
                {
                    "family": "Armstrong",
                    "given": "Emma L"
                },
                {
                    "family": "Lai",
                    "given": "Vicky Tzuyin"
                }
            ],
            "container-title": "Computers in Human Behavior",
            "id": "pfeifer2022all",
            "issued": {
                "date-parts": [
                    [
                        2022
                    ]
                ]
            },
            "page": "107016",
            "publisher": "Elsevier",
            "title": "Do all facial emojis communicate emotion? The impact of facial emojis on perceived sender emotion and text processing",
            "type": "article-journal",
            "volume": "126"
        },
        {
            "DOI": "10.1515/9783111248141",
            "ISBN": "978-3-11-124814-1",
            "URL": "https://www.degruyter.com/document/doi/10.1515/9783111248141/html",
            "editor": [
                {
                    "family": "Pfadenhauer",
                    "given": "Katrin"
                },
                {
                    "family": "Wiesinger",
                    "given": "Evelyn"
                }
            ],
            "id": "pfadenhauerRomanceMotionVerbs2024",
            "issued": {
                "date-parts": [
                    [
                        2024,
                        7
                    ]
                ]
            },
            "publisher": "De Gruyter",
            "title": "Romance motion verbs in language change: Grammar, lexicon, discourse",
            "title-short": "Romance motion verbs in language change",
            "type": "book"
        },
        {
            "DOI": "10.1111/lang.12119",
            "ISSN": "1467-9922",
            "URL": "https://onlinelibrary.wiley.com/doi/abs/10.1111/lang.12119",
            "author": [
                {
                    "family": "Gries",
                    "given": "Stefan Th."
                },
                {
                    "family": "Ellis",
                    "given": "Nick C."
                }
            ],
            "container-title": "Language Learning",
            "id": "griesStatisticalMeasuresUsageBased2015",
            "issue": "S1",
            "issued": {
                "date-parts": [
                    [
                        2015
                    ]
                ]
            },
            "note": "_eprint: https://onlinelibrary.wiley.com/doi/pdf/10.1111/lang.12119",
            "page": "228-255",
            "title": "Statistical measures for usage-based linguistics",
            "type": "article-journal",
            "volume": "65"
        },
        {
            "ISBN": "978-3-11-071816-4",
            "author": [
                {
                    "family": "Gries",
                    "given": "Stefan Thomas"
                }
            ],
            "collection-title": "De gruyter mouton textbook",
            "edition": "3rd revised edition",
            "id": "griesStatisticsLinguisticsPractical2021",
            "issued": {
                "date-parts": [
                    [
                        2021
                    ]
                ]
            },
            "publisher": "de Gruyter Mouton",
            "title": "Statistics for linguistics with r: A practical introduction",
            "title-short": "Statistics for linguistics with r",
            "type": "book"
        },
        {
            "DOI": "10.4324/9781315165547",
            "ISBN": "978-1-315-16554-7",
            "author": [
                {
                    "family": "Winter",
                    "given": "Bodo"
                }
            ],
            "id": "winterStatisticsLinguistsIntroduction2020",
            "issued": {
                "date-parts": [
                    [
                        2020
                    ]
                ]
            },
            "publisher": "Routledge",
            "title": "Statistics for linguists: An introduction using r",
            "title-short": "Statistics for linguists",
            "type": "book"
        },
        {
            "ISBN": "90-272-6845-2",
            "author": [
                {
                    "family": "Levshina",
                    "given": "Natalia"
                }
            ],
            "id": "LevshinaHowlinguisticsData2015",
            "issued": {
                "date-parts": [
                    [
                        2015
                    ]
                ]
            },
            "publisher": "John Benjamins",
            "title": "How to do linguistics with r: Data exploration and statistical analysis",
            "title-short": "How to do linguistics with r",
            "type": "book"
        },
        {
            "ISBN": "978-3-319-64570-4 978-3-319-64572-8",
            "author": [
                {
                    "family": "Desagulier",
                    "given": "Guillaume"
                }
            ],
            "collection-title": "Quantitative methods in the humanities and social sciences",
            "id": "DesagulierCorpusLinguisticsStatistics2017",
            "issued": {
                "date-parts": [
                    [
                        2017
                    ]
                ]
            },
            "note": "You can download a zipped archive (CLSR.zip for “Corpus Linguistics and Statistics with R”) from http://extras.springer.com/2018/978-3-319-64570-4.",
            "publisher": "Springer International Publishing",
            "title": "Corpus linguistics and statistics with r: Introduction to quantitative methods in linguistics",
            "title-short": "Corpus linguistics and statistics with r",
            "type": "book"
        },
        {
            "DOI": "10.2307/2981473",
            "ISSN": "2397-2327",
            "URL": "https://onlinelibrary.wiley.com/doi/abs/10.2307/2981473",
            "author": [
                {
                    "family": "Cleveland",
                    "given": "William S."
                },
                {
                    "family": "McGill",
                    "given": "Robert"
                }
            ],
            "container-title": "Journal of the Royal Statistical Society: Series A (General)",
            "id": "clevelandGraphicalPerceptionVisual1987",
            "issue": "3",
            "issued": {
                "date-parts": [
                    [
                        1987
                    ]
                ]
            },
            "note": "_eprint: https://onlinelibrary.wiley.com/doi/pdf/10.2307/2981473",
            "page": "192-210",
            "title": "Graphical perception: The visual decoding of quantitative information on graphical displays of data",
            "title-short": "Graphical perception",
            "type": "article-journal",
            "volume": "150"
        },
        {
            "URL": "http://www.perceptualedge.com/articles/08-21-07.pdf",
            "author": [
                {
                    "family": "Few",
                    "given": "Stephen"
                }
            ],
            "container-title": "August 2007",
            "id": "fewPiesDessert",
            "title": "Save the pies for dessert",
            "type": "article-journal"
        },
        {
            "DOI": "10.5070/G6011239",
            "URL": "https://escholarship.org/uc/item/6m62j7p6",
            "author": [
                {
                    "family": "Bochynska",
                    "given": "Agata"
                },
                {
                    "family": "Keeble",
                    "given": "Liam"
                },
                {
                    "family": "Halfacre",
                    "given": "Caitlin"
                },
                {
                    "family": "Casillas",
                    "given": "Joseph V."
                },
                {
                    "family": "Champagne",
                    "given": "Irys-Amélie"
                },
                {
                    "family": "Chen",
                    "given": "Kaidi"
                },
                {
                    "family": "Röthlisberger",
                    "given": "Melanie"
                },
                {
                    "family": "Buchanan",
                    "given": "Erin M."
                },
                {
                    "family": "Roettger",
                    "given": "Timo B."
                }
            ],
            "container-title": "Glossa Psycholinguistics",
            "id": "bochynskaReproducibleResearchPractices2023a",
            "issue": "1",
            "issued": {
                "date-parts": [
                    [
                        2023,
                        11,
                        9
                    ]
                ]
            },
            "language": "en",
            "title": "Reproducible research practices and transparency across linguistics",
            "type": "article-journal",
            "volume": "2"
        },
        {
            "ISBN": "978-1-4920-9740-2",
            "URL": "https://r4ds.hadley.nz/",
            "author": [
                {
                    "family": "Wickham",
                    "given": "Hadley"
                },
                {
                    "family": "Çetinkaya-Rundel",
                    "given": "Mine"
                },
                {
                    "family": "Grolemund",
                    "given": "Garrett"
                }
            ],
            "edition": "2nd edition",
            "id": "wickhamDataScienceImport2023",
            "issued": {
                "date-parts": [
                    [
                        2023
                    ]
                ]
            },
            "publisher": "O’Reilly",
            "title": "R for data science: Import, tidy, transform, visualize, and model data",
            "title-short": "R for data science",
            "type": "book"
        },
        {
            "DOI": "10.17605/OSF.IO/RUPT7",
            "URL": "https://osf.io/rupt7/",
            "author": [
                {
                    "family": "Seibold",
                    "given": "Heidi"
                },
                {
                    "family": "Müller",
                    "given": "Rabea"
                }
            ],
            "id": "seiboldBERDCourseMake2023",
            "title": "BERD course: Make your research reproducible",
            "title-short": "BERD course",
            "type": "article-journal"
        },
        {
            "URL": "https://pakillo.github.io/grateful/",
            "author": [
                {
                    "family": "Rodriguez-Sanchez",
                    "given": "Francisco"
                },
                {
                    "family": "Jackson",
                    "given": "Connor P."
                }
            ],
            "id": "RodriguezGrateful2024",
            "issued": {
                "date-parts": [
                    [
                        2024
                    ]
                ]
            },
            "title": "Grateful: Facilitate citation of R packages",
            "title-short": "Grateful",
            "type": "book"
        },
        {
            "DOI": "10.1016/j.rmal.2022.100030",
            "URL": "https://linkinghub.elsevier.com/retrieve/pii/S2772766122000271",
            "author": [
                {
                    "family": "In’nami",
                    "given": "Yo"
                },
                {
                    "family": "Mizumoto",
                    "given": "Atsushi"
                },
                {
                    "family": "Plonsky",
                    "given": "Luke"
                },
                {
                    "family": "Koizumi",
                    "given": "Rie"
                }
            ],
            "container-title": "Research Methods in Applied Linguistics",
            "id": "innamiPromotingComputationallyReproducible2022",
            "issue": "3",
            "issued": {
                "date-parts": [
                    [
                        2022,
                        12
                    ]
                ]
            },
            "language": "en",
            "page": "100030",
            "title": "Promoting computationally reproducible research in applied linguistics: Recommended practices and considerations",
            "title-short": "Promoting computationally reproducible research in applied linguistics",
            "type": "article-journal",
            "volume": "1"
        },
        {
            "DOI": "10.5281/ZENODO.6409077",
            "URL": "https://zenodo.org/record/6409077",
            "author": [
                {
                    "family": "Lakens",
                    "given": "Daniël"
                }
            ],
            "id": "lakensImprovingYourStatistical2022",
            "issued": {
                "date-parts": [
                    [
                        2022,
                        4
                    ]
                ]
            },
            "publisher": "Zenodo",
            "title": "Improving your statistical inferences",
            "type": "book"
        },
        {
            "DOI": "10.21105/joss.02815",
            "URL": "http://dx.doi.org/10.21105/joss.02815",
            "author": [
                {
                    "family": "Ben-Shachar",
                    "given": "Mattan"
                },
                {
                    "family": "Lüdecke",
                    "given": "Daniel"
                },
                {
                    "family": "Makowski",
                    "given": "Dominique"
                }
            ],
            "container-title": "Journal of Open Source Software",
            "id": "ben-shachar2020",
            "issue": "56",
            "issued": {
                "date-parts": [
                    [
                        2020,
                        12,
                        23
                    ]
                ]
            },
            "page": "2815",
            "title": "Effectsize: Estimation of effect size indices and standardized parameters",
            "title-short": "Effectsize",
            "type": "article-journal",
            "volume": "5"
        },
        {
            "DOI": "10.1111/lang.12079",
            "ISSN": "1467-9922",
            "URL": "https://onlinelibrary.wiley.com/doi/abs/10.1111/lang.12079",
            "author": [
                {
                    "family": "Plonsky",
                    "given": "Luke"
                },
                {
                    "family": "Oswald",
                    "given": "Frederick L."
                }
            ],
            "container-title": "Language Learning",
            "id": "plonskyHowBigBig2014",
            "issue": "4",
            "issued": {
                "date-parts": [
                    [
                        2014
                    ]
                ]
            },
            "note": "_eprint: https://onlinelibrary.wiley.com/doi/pdf/10.1111/lang.12079",
            "page": "878-912",
            "title": "How big is “big”? Interpreting effect sizes in L2 research",
            "type": "article-journal",
            "volume": "64"
        },
        {
            "author": [
                {
                    "family": "Cohen",
                    "given": "Jacob"
                }
            ],
            "edition": "2. ed., reprint",
            "id": "cohenStatisticalPowerAnalysis1988",
            "issued": {
                "date-parts": [
                    [
                        1988
                    ]
                ]
            },
            "language": "en",
            "publisher": "Psychology Press",
            "publisher-place": "New York, NY",
            "title": "Statistical power analysis for the behavioral sciences",
            "type": "book"
        },
        {
            "DOI": "10.1145/3025453.3025912",
            "URL": "https://doi.org/10.1145/3025453.3025912",
            "author": [
                {
                    "family": "Matejka",
                    "given": "Justin"
                },
                {
                    "family": "Fitzmaurice",
                    "given": "George"
                }
            ],
            "collection-title": "CHI ’17",
            "id": "matejkaSameStatsDifferent2017",
            "issued": {
                "date-parts": [
                    [
                        2017,
                        5,
                        2
                    ]
                ]
            },
            "page": "12901294",
            "publisher": "Association for Computing Machinery",
            "publisher-place": "New York, NY, USA",
            "title": "Same stats, different graphs: Generating datasets with varied appearance and identical statistics through simulated annealing",
            "title-short": "Same stats, different graphs",
            "type": "paper-conference"
        },
        {
            "DOI": "10.3389/fpsyg.2015.00888",
            "ISSN": "1664-1078",
            "URL": "https://www.frontiersin.org/journals/psychology/articles/10.3389/fpsyg.2015.00888/full",
            "author": [
                {
                    "family": "Matute",
                    "given": "Helena"
                },
                {
                    "family": "Blanco",
                    "given": "Fernando"
                },
                {
                    "family": "Yarritu",
                    "given": "Ion"
                },
                {
                    "family": "Díaz-Lago",
                    "given": "Marcos"
                },
                {
                    "family": "Vadillo",
                    "given": "Miguel A."
                },
                {
                    "family": "Barberia",
                    "given": "Itxaso"
                }
            ],
            "container-title": "Frontiers in Psychology",
            "id": "matuteIllusionsCausalityHow2015",
            "issued": {
                "date-parts": [
                    [
                        2015,
                        7
                    ]
                ]
            },
            "publisher": "Frontiers",
            "title": "Illusions of causality: How they bias our everyday thinking and how they could be reduced",
            "title-short": "Illusions of causality",
            "type": "article-journal",
            "volume": "6"
        },
        {
            "DOI": "10.7551/mitpress/10747.003.0007",
            "ISBN": "978-0-262-34481-4",
            "URL": "https://direct.mit.edu/books/book/3620/chapter/121014/the-illusion-of-causality-a-cognitive-bias",
            "container-title": "Pseudoscience",
            "editor": [
                {
                    "family": "Kaufman",
                    "given": "Allison B."
                },
                {
                    "family": "Kaufman",
                    "given": "James C."
                }
            ],
            "id": "kaufmanIllusionCausalityCognitive2018",
            "issued": {
                "date-parts": [
                    [
                        2018
                    ]
                ]
            },
            "publisher": "The MIT Press",
            "title": "The illusion of causality: A cognitive bias underlying pseudoscience",
            "title-short": "The illusion of causality",
            "type": "chapter"
        },
        {
            "DOI": "10.3758/brm.40.1.278",
            "URL": "http://dx.doi.org/10.3758/BRM.40.1.278",
            "author": [
                {
                    "family": "Acheson",
                    "given": "Daniel J."
                },
                {
                    "family": "Wells",
                    "given": "Justine B."
                },
                {
                    "family": "MacDonald",
                    "given": "Maryellen C."
                }
            ],
            "container-title": "Behavior Research Methods",
            "id": "acheson2008",
            "issue": "1",
            "issued": {
                "date-parts": [
                    [
                        2008,
                        2
                    ]
                ]
            },
            "language": "en",
            "page": "278-289",
            "title": "New and updated tests of print exposure and reading abilities in college students",
            "type": "article-journal",
            "volume": "40"
        },
        {
            "DOI": "10.3389/fpsyg.2012.00322",
            "URL": "https://www.frontiersin.org/journals/psychology/articles/10.3389/fpsyg.2012.00322/full",
            "author": [
                {
                    "family": "Nimon",
                    "given": "Kim F."
                }
            ],
            "container-title": "Frontiers in Psychology",
            "id": "nimonStatisticalAssumptionsSubstantive2012",
            "issued": {
                "date-parts": [
                    [
                        2012,
                        8,
                        28
                    ]
                ]
            },
            "language": "en-US",
            "note": "Publisher: Frontiers",
            "title": "Statistical assumptions of substantive analyses across the general linear model: A mini-review",
            "title-short": "Statistical assumptions of substantive analyses across the general linear model",
            "type": "article-journal",
            "volume": "3"
        },
        {
            "ISBN": "978-1-292-02131-7",
            "author": [
                {
                    "family": "Tabachnick",
                    "given": "Barbara G."
                },
                {
                    "family": "Fidell",
                    "given": "Linda S."
                }
            ],
            "collection-title": "Always learning",
            "edition": "Pearson new international edition, sixth edition",
            "id": "TabachnickUsingMultivariateStatistics2014",
            "issued": {
                "date-parts": [
                    [
                        2014
                    ]
                ]
            },
            "publisher": "Pearson",
            "title": "Using multivariate statistics",
            "type": "book"
        },
        {
            "ISBN": "978-0-521-88259-0 978-0-521-70918-7",
            "author": [
                {
                    "family": "Baayen",
                    "given": "R. Harald"
                }
            ],
            "id": "BaayenAnalyzinglinguisticdata2008",
            "issued": {
                "date-parts": [
                    [
                        2008
                    ]
                ]
            },
            "publisher": "Cambridge University Press",
            "title": "Analyzing linguistic data: A practical introduction to statistics using r",
            "title-short": "Analyzing linguistic data",
            "type": "book"
        },
        {
            "URL": "https://rvlenth.github.io/emmeans/",
            "author": [
                {
                    "family": "Lenth",
                    "given": "Russell V."
                }
            ],
            "id": "lenthEmmeansEstimatedMarginal2025a",
            "issued": {
                "date-parts": [
                    [
                        2025
                    ]
                ]
            },
            "title": "Emmeans: Estimated marginal means, aka least-squares means",
            "title-short": "Emmeans",
            "type": "report"
        },
        {
            "DOI": "10.32614/RJ-2017-046",
            "URL": "https://journal.r-project.org/archive/2017/RJ-2017-046/index.html",
            "author": [
                {
                    "family": "Breheny",
                    "given": "Patrick"
                },
                {
                    "family": "Burchett",
                    "given": "Woodrow"
                }
            ],
            "container-title": "The R Journal",
            "id": "brehenyVisualizationRegressionModels2017",
            "issue": "2",
            "issued": {
                "date-parts": [
                    [
                        2017
                    ]
                ]
            },
            "language": "en",
            "page": "56",
            "title": "Visualization of Regression Models Using visreg",
            "type": "article-journal",
            "volume": "9"
        },
        {
            "author": [
                {
                    "family": "Williams",
                    "given": "Matt N."
                },
                {
                    "family": "Grajales",
                    "given": "Carlos Alberto Gómez"
                },
                {
                    "family": "Kurkiewicz",
                    "given": "Dason"
                }
            ],
            "container-title": "Practical Assessment, Research, and Evaluation",
            "id": "williamsAssumptionsMultipleRegression2013",
            "issue": "11",
            "issued": {
                "date-parts": [
                    [
                        2013,
                        9
                    ]
                ]
            },
            "title": "Assumptions of multiple regression: Correcting two misconceptions.",
            "title-short": "Assumptions of multiple regression",
            "type": "article-journal",
            "volume": "18"
        },
        {
            "ISBN": "978-1-4462-0046-9 978-1-4462-0045-2",
            "author": [
                {
                    "family": "Field",
                    "given": "Andy P."
                },
                {
                    "family": "Miles",
                    "given": "Jeremy"
                },
                {
                    "family": "Field",
                    "given": "Zoë"
                }
            ],
            "id": "FieldDiscoveringstatisticsusing2012",
            "issued": {
                "date-parts": [
                    [
                        2012
                    ]
                ]
            },
            "publisher": "Sage",
            "title": "Discovering statistics using r",
            "type": "book"
        }
    ],
    "project_biblios": [
        "references.bib"
    ]
}